{
    "train": {
        "accuracy": 0.9352331606217616,
        "precision": 0.9096045197740112,
        "recall": 0.8256410256410256,
        "f1": 0.8655913978494624,
        "roc_auc": 0.9857085721903747,
        "confusion_matrix": [
            [
                561,
                16
            ],
            [
                34,
                161
            ]
        ]
    },
    "test": {
        "accuracy": 0.788659793814433,
        "precision": 0.6111111111111112,
        "recall": 0.4489795918367347,
        "f1": 0.5176470588235295,
        "roc_auc": 0.8370865587614357,
        "confusion_matrix": [
            [
                131,
                14
            ],
            [
                27,
                22
            ]
        ]
    },
    "cross_validation": {
        "method": "stratified_kfold",
        "n_splits": 5,
        "scores": [
            0.7897877984084881,
            0.809239610963749,
            0.8673355629877368,
            0.8041248606465998,
            0.8115942028985507
        ],
        "mean_score": 0.8164164071810249,
        "std_score": 0.026561947999057544
    }
}